First Name,Surname,Name,Email Address,Home Street,Home City,Home Postal Code,Home County,Home Country/Region,Home Phone,Business Street,Business City,Business Postcode,Business County,Business Country/Region,Business Phone,Company,Job Title
Doug,Eastman,Doug Eastman,deastman@deloitte.co.uk,22 Cornflower Terrace,London,SE22 0HH,,Unit,,1 New Street Square,London,EC4A 3HQ,,United Kingdom,,,
Hilary,Eastman,Hilary Eastman,hilary.s.eastman@pwc.com,22 Cornflower Terrace,London,SE22 0HH,,Unit,,1 Embankment Place,London,WC2N 6NN,,United Kingdom,,,
Ian,Blanchard,Ian Blanchard,ianb319@gmail.com,3 Gull St,New Orleans,70124,LA,United States,,,,,,,,,
Mel,Fechter,Mel Fechter,mel@sisqtel.net,3426 Kidder Creek Road,Greenview,96037,CA,U,+1 (530) 468-5616,,,,,,,,
Morgan,Blanchard,Morgan Blanchard,morgan.blanchard1231@gmail.com,3 Gull St,New Orleans,70124,LA,United States,,,,,,,,,
Tiffany,Fechter,Tiffany Fechter,tfechter@hotmail.com,Apt. #109\n1831 Polk St,San Francisco,94,CA,,,,,,,,,,
